DATE,Actual,Prediction
2018-01-02,2695.81,2737.862488
2018-01-05,2743.15,2746.19734
2018-01-08,2747.71,2743.589692
2018-01-09,2751.29,2755.956389
2018-01-10,2748.23,2752.869141
2018-01-11,2767.56,2756.010541
2018-01-12,2786.24,2790.04855
2018-01-18,2798.03,2808.114308
2018-01-19,2810.3,2820.485557
2018-01-22,2832.97,2826.490097
2018-01-23,2839.13,2834.976331
2018-01-24,2837.54,2835.336845
2018-01-25,2839.25,2841.285258
2018-01-26,2872.87,2852.77203
2018-01-29,2853.53,2842.572037
2018-01-30,2822.43,2827.146527
2018-01-31,2823.81,2826.254633
2018-02-01,2821.98,2826.2922
2018-02-02,2762.13,2757.014204
2018-02-05,2648.94,2664.149171
2018-02-07,2681.66,2663.205228
2018-02-08,2581,2623.320274
2018-02-12,2656,2583.88876
2018-02-13,2662.94,2649.024364
2018-02-14,2698.63,2695.909174
2018-02-15,2731.2,2715.808928
2018-02-16,2732.22,2724.951562
2018-02-20,2716.26,2702.986372
2018-02-23,2747.3,2761.532397
2018-02-27,2744.28,2734.858874
2018-03-01,2677.67,2697.16384
2018-03-08,2738.97,2730.937038
2018-03-09,2786.57,2766.183327
2018-03-12,2783.02,2763.040636
2018-03-14,2749.48,2740.875008
2018-03-16,2752.01,2747.25946
2018-03-19,2712.92,2711.570274
2018-03-20,2716.94,2714.10407
2018-03-22,2643.69,2651.559109
2018-03-23,2588.26,2606.955367
2018-03-26,2658.55,2652.139277
2018-03-27,2612.62,2623.352133
2018-04-02,2581.88,2593.04205
2018-04-03,2614.45,2617.381438
2018-04-05,2662.84,2649.508191
2018-04-06,2604.47,2610.985927
2018-04-09,2613.16,2612.648787
2018-04-10,2656.87,2647.37176
2018-04-11,2642.19,2648.895069
2018-04-12,2663.99,2662.301163
2018-04-16,2677.84,2695.480533
2018-04-18,2708.64,2711.579916
2018-04-19,2693.13,2900.352467
2018-04-20,2670.14,2671.607272
2018-04-23,2670.29,2733.371641
2018-04-24,2634.56,2649.173686
2018-04-25,2639.4,2651.276565
2018-04-27,2669.91,2677.005644
2018-05-01,2654.8,2665.887342
2018-05-04,2663.42,2672.14454
2018-05-07,2672.63,2734.955472
2018-05-08,2671.92,2678.153642
2018-05-09,2697.79,2743.754297
2018-05-10,2723.07,2743.015911
2018-05-15,2711.45,2778.3533
2018-05-16,2722.46,2719.26886
2018-05-17,2720.13,2735.236205
2018-05-18,2712.97,2866.678127
2018-05-21,2733.01,2897.401823
2018-05-22,2724.44,2723.358463
2018-05-23,2733.29,2909.782032
2018-05-25,2721.33,2732.186947
2018-05-30,2724.01,2720.510658
2018-05-31,2705.27,2714.601544
2018-06-01,2734.62,2744.593743
2018-06-04,2746.87,2747.082923
2018-06-07,2770.37,2749.121403
2018-06-08,2779.03,2777.07552
2018-06-11,2782,2776.632976
2018-06-13,2775.63,2799.019531
2018-06-14,2782.49,2781.683908
2018-06-15,2779.66,2775.057433
2018-06-18,2773.75,2773.09616
2018-06-19,2762.59,2764.029385
2018-06-20,2767.32,2763.098676
2018-06-21,2749.76,2762.297856
2018-06-22,2754.88,2757.15238
2018-06-25,2717.07,2719.502996
2018-06-26,2723.06,2730.877904
2018-06-26,2723.06,2730.181134
2018-06-27,2699.63,2707.798392
2018-06-28,2716.31,2720.12632
2018-07-02,2726.71,2732.80768
2018-07-05,2736.61,2722.902997
2018-07-06,2759.82,2767.596623
2018-07-11,2774.02,2773.460585
2018-07-12,2798.29,2782.938375
2018-07-13,2801.31,2799.166725
2018-07-16,2798.43,2801.739944
2018-07-18,2815.62,2814.694777
2018-07-19,2804.49,2815.967861
2018-07-24,2820.4,2821.820673
2018-07-25,2846.07,2832.583638
2018-07-26,2837.44,2832.29647
2018-07-27,2818.82,2818.169871
2018-07-30,2802.6,2805.827339
2018-07-31,2816.29,2815.305841
2018-08-02,2827.22,2832.349961
2018-08-07,2858.45,2853.184694
2018-08-08,2857.7,2855.83898
2018-08-13,2821.93,2827.14289
2018-08-14,2839.96,2836.783427
2018-08-16,2840.69,2838.91052
2018-08-17,2850.13,2851.110765
2018-08-21,2862.96,2859.101283
2018-08-22,2861.82,2861.184295
2018-08-23,2856.98,2857.088197
2018-08-24,2874.69,2886.28038
2018-08-29,2914.04,2902.87944
2018-08-30,2901.13,2889.773698
2018-09-04,2896.72,2894.398159
2018-09-05,2888.6,2889.754921
2018-09-06,2878.05,2877.969275
2018-09-07,2871.68,2876.696871
2018-09-10,2877.13,2880.917737
2018-09-11,2887.89,2889.873072
2018-09-12,2888.92,2893.851812
2018-09-13,2904.18,2903.498533
2018-09-14,2904.98,2906.14051
2018-09-17,2888.8,2892.721095
2018-09-18,2904.31,2905.505602
2018-09-24,2919.37,2917.161987
2018-09-25,2915.56,2910.897593
2018-09-26,2905.97,2907.460005
2018-09-27,2914,2913.346087
2018-09-28,2913.98,2912.9798
2018-10-02,2923.43,2918.811867
2018-10-03,2925.51,2917.120413
2018-10-04,2901.61,2886.258544
2018-10-09,2880.34,2861.206536
2018-10-10,2785.68,2764.15869
2018-10-11,2728.37,2739.128809
2018-10-15,2750.79,2748.707928
2018-10-16,2809.92,2792.682635
2018-10-18,2768.78,2763.291658
2018-10-22,2755.88,2758.955455
2018-10-23,2740.69,2739.464961
2018-10-24,2656.1,2673.402146
2018-10-25,2705.57,2709.246648
2018-10-29,2641.25,2674.085817
2018-10-31,2711.74,2709.597201
2018-11-01,2740.37,2736.918415
2018-11-05,2738.31,2741.013433
2018-11-06,2755.45,2749.248869
2018-11-07,2813.89,2806.920296
2018-11-08,2806.83,2797.709957
2018-11-14,2701.58,2712.050153
2018-11-16,2736.27,2721.29138
2018-11-19,2690.73,2700.90641
2018-11-20,2641.89,2656.212903
2018-11-23,2632.56,2657.849048
2018-11-26,2673.45,2686.589544
2018-11-27,2682.17,2697.7594
2018-11-28,2743.79,2728.958999
2018-11-29,2737.76,2726.266061
2018-11-30,2760.17,2737.95097
2018-12-03,2790.37,2789.972617
2018-12-04,2700.06,2682.487925
2018-12-06,2695.95,2677.612628
2018-12-07,2633.08,2631.933233
2018-12-11,2636.78,2637.707944
2018-12-12,2651.07,2638.798317
2018-12-14,2599.95,2600.244032
2018-12-18,2546.16,2553.894482
2018-12-20,2467.42,2475.68727
2018-12-21,2416.62,2479.4656
2018-12-27,2488.83,2478.847953
2018-12-28,2485.74,2483.638957
2018-12-31,2506.85,2499.81374
2019-01-04,2531.94,2547.608593
2019-01-07,2549.69,2561.049696
2019-01-08,2574.41,2594.096842
2019-01-09,2584.96,2601.210695
2019-01-11,2596.26,2617.503004
2019-01-15,2610.3,2621.832824
2019-01-16,2616.1,2619.28068
2019-01-17,2635.96,2634.697071
2019-01-18,2670.71,2673.345595
2019-01-22,2632.9,2639.998901
2019-01-23,2638.7,2641.005266
2019-01-24,2642.33,2661.843173
2019-01-25,2664.76,2689.246348
2019-01-28,2643.85,2645.684338
2019-01-29,2640,2644.50134
2019-01-30,2681.05,2679.793545
2019-02-04,2724.87,2730.11731
2019-02-05,2737.7,2733.813477
2019-02-06,2731.61,2729.671602
2019-02-07,2706.05,2717.304575
2019-02-08,2707.88,2732.468818
2019-02-12,2744.73,2746.505501
2019-02-13,2753.03,2752.888189
2019-02-14,2745.73,2750.489493
2019-02-15,2775.6,2788.996828
2019-02-19,2779.76,2785.713804
2019-02-22,2792.67,2793.010484
2019-02-25,2796.11,2791.660943
2019-02-26,2793.9,2789.495282
2019-02-28,2784.49,2788.53466
2019-03-04,2792.81,2799.674883
2019-03-06,2771.45,2780.511202
2019-03-07,2748.93,2784.851525
2019-03-08,2743.07,2781.363041
2019-03-12,2791.52,2799.874452
2019-03-18,2832.94,2830.209977
2019-03-21,2854.88,2832.130708
2019-03-25,2798.36,2783.205424
2019-03-26,2818.46,2813.186646
2019-03-27,2805.37,2813.206061
2019-03-29,2834.4,2836.783047
2019-04-02,2867.24,2870.855428
2019-04-03,2873.4,2876.568268
2019-04-04,2879.39,2872.813767
2019-04-05,2892.74,2897.825466
2019-04-08,2895.77,2894.042047
2019-04-09,2878.2,2887.499049
2019-04-15,2905.58,2898.510949
2019-04-16,2907.06,2898.748885
2019-04-18,2905.03,2906.571006
2019-04-23,2933.68,2929.537688
2019-04-24,2927.25,2923.91784
2019-04-26,2939.88,2936.076814
2019-04-30,2945.83,2931.820273
2019-05-01,2923.73,2908.598149
2019-05-02,2917.52,2914.115223
2019-05-08,2879.42,2866.840985
2019-05-09,2870.72,2863.805835
2019-05-10,2881.4,2867.29578
2019-05-13,2811.87,2811.733949
2019-05-14,2834.41,2828.442484
2019-05-16,2876.32,2865.912874
2019-05-17,2859.53,2857.33949
2019-05-21,2864.36,2860.685683
2019-05-22,2856.27,2861.572829
2019-05-23,2822.24,2829.804376
2019-05-31,2752.06,2750.918827
2019-06-03,2744.45,2785.460013
2019-06-04,2803.27,2803.82244
2019-06-05,2826.15,2824.28268
2019-06-06,2843.49,2855.388893
2019-06-07,2873.34,2864.536417
2019-06-10,2886.73,2871.788318
2019-06-12,2879.84,2874.557161
2019-06-13,2891.64,2877.147542
2019-06-14,2886.98,2884.256359
2019-06-17,2889.67,2879.206072
2019-06-19,2926.46,2930.902737
2019-06-19,2926.46,2932.310519
2019-06-20,2954.18,2939.316214
2019-06-21,2950.46,2936.78497
2019-06-24,2945.35,2939.944804
2019-06-25,2917.38,2918.188725
2019-06-26,2913.78,2913.701922
2019-06-27,2924.92,2920.748269
2019-07-03,2995.82,2988.808762
2019-07-05,2990.41,2992.817272
2019-07-08,2975.95,2988.213851
2019-07-09,2979.63,2983.001791
2019-07-10,2993.07,2997.51527
2019-07-11,2999.91,3004.949303
2019-07-12,3013.77,3013.70981
2019-07-15,3014.3,3006.247416
2019-07-16,3004.04,3006.627894
2019-07-17,2984.42,2986.385568
2019-07-19,2976.61,2982.418868
2019-07-23,3005.47,3007.193436
2019-07-24,3019.56,3018.30099
2019-07-25,3003.67,3006.566247
2019-07-26,3025.86,3039.745915
2019-07-29,3020.97,3015.92825
2019-07-30,3013.18,3008.274564
2019-08-05,2844.74,2865.098593
2019-08-06,2881.77,2876.192146
2019-08-08,2938.09,2912.207833
2019-08-12,2883.75,2873.666696
2019-08-15,2847.6,2860.571183
2019-08-16,2888.68,2907.251221
2019-08-19,2923.65,2921.102522
2019-08-21,2924.43,2951.009304
2019-08-23,2847.11,2862.426886
2019-08-26,2878.38,2875.427426
2019-08-27,2869.16,2893.632406
2019-08-28,2887.94,2908.289837
2019-09-03,2906.27,2928.54751
2019-09-05,2976,2981.010341
2019-09-09,2978.43,2983.084345
2019-09-11,3000.93,2995.686512
2019-09-12,3009.57,3004.089377
2019-09-13,3007.39,3006.360257
2019-09-16,2997.96,2997.151624
2019-09-17,3005.7,2999.769799
2019-09-18,3006.73,3032.755783
2019-09-19,3006.79,3004.057939
2019-09-20,2992.07,2987.951303
2019-09-23,2991.78,3000.748947
2019-09-30,2976.74,2987.638002
2019-10-01,2940.25,2949.229991
2019-10-03,2910.63,2921.666958
2019-10-04,2952.01,2957.372326
2019-10-07,2938.79,2953.545516
2019-10-08,2893.06,2909.140822
2019-10-10,2938.13,2942.020193
2019-10-11,2970.27,2967.7166
2019-10-15,2995.68,2991.254185
2019-10-16,2989.69,2991.283905
2019-10-17,2997.95,2998.278632
2019-10-18,2986.2,2991.49911
2019-10-21,3006.72,3004.10712
2019-10-22,2995.99,2998.875637
2019-10-23,3004.52,3008.86833
2019-10-24,3010.29,3008.577018
2019-10-25,3022.55,3027.145007
2019-10-28,3039.42,3028.435243
2019-10-29,3036.89,3029.62419
2019-10-30,3046.77,3035.642173
2019-11-04,3078.27,3099.41606
2019-11-05,3074.62,3085.610543
2019-11-07,3085.18,3094.06858
2019-11-08,3093.08,3097.12723
2019-11-12,3091.84,3095.843832
2019-11-14,3096.63,3097.515589
2019-11-18,3122.03,3116.834561
2019-11-19,3120.18,3114.696221
2019-11-21,3103.54,3108.573621
2019-11-22,3110.29,3112.819321
2019-11-25,3133.64,3127.340532
2019-11-26,3140.52,3138.53474
2019-11-27,3153.63,3144.49087
2019-11-29,3140.98,3138.341984
2019-12-02,3113.87,3126.43267
2019-12-03,3093.2,3090.958079
2019-12-04,3112.76,3113.773825
2019-12-05,3117.43,3119.579797
2019-12-06,3145.91,3145.554729
2019-12-09,3135.96,3134.20528
2019-12-10,3132.52,3133.377757
2019-12-11,3141.63,3141.701975
2019-12-12,3168.57,3164.946219
2019-12-13,3168.8,3180.606801
2019-12-17,3192.52,3196.446826
2019-12-18,3191.14,3198.650743
2019-12-19,3205.37,3205.821552
2019-12-20,3221.22,3215.127945
2019-12-23,3224.01,3225.447311
2019-12-26,3239.91,3222.626842
2019-12-30,3221.29,3202.568292
2019-12-31,3230.78,3196.974344
2020-01-02,3257.85,3257.594833
2020-01-06,3246.28,3218.846748
2020-01-08,3253.05,3233.309612
2020-01-10,3265.35,3270.054151
2020-01-14,3283.15,3295.194141
2020-01-15,3289.29,3290.77203
2020-01-16,3316.81,3304.905601
2020-01-17,3329.62,3306.10559
2020-01-21,3320.79,3306.076679
2020-01-22,3321.75,3319.318723
2020-01-23,3325.54,3315.479165
2020-01-27,3243.63,3227.241539
2020-01-28,3276.24,3263.999967
2020-01-29,3273.4,3261.635675
2020-01-30,3283.66,3267.288732
2020-01-31,3225.52,3180.493399
2020-02-03,3248.92,3297.560117
2020-02-04,3297.59,3298.320722
2020-02-07,3327.71,3338.930467
2020-02-10,3352.09,3343.761994
2020-02-11,3357.75,3348.19138
2020-02-12,3379.45,3372.86573
2020-02-14,3380.16,3376.350423
2020-02-18,3370.29,3372.791585
2020-02-19,3386.15,3378.720332
2020-02-21,3337.75,3336.019642
2020-02-24,3225.89,3248.976877
2020-02-27,2978.76,3066.296368
2020-02-28,2954.22,3001.742057
2020-03-03,3003.37,2995.29505
2020-03-05,3023.94,2965.837977
2020-03-09,2746.56,2713.507835
2020-03-11,2741.38,2714.790264
2020-03-12,2480.64,2540.564418
2020-03-16,2386.13,2399.387765
2020-03-19,2409.39,2401.904798
2020-03-23,2237.4,2400.893269
2020-03-24,2447.33,2452.647422
2020-03-26,2630.07,2593.683703
2020-03-27,2541.47,2548.994257
2020-03-30,2626.65,2590.56164
2020-03-31,2584.59,2580.283962
2020-04-01,2470.5,2529.181549
2020-04-02,2526.9,2617.549634
2020-04-09,2789.82,2777.150989
2020-04-13,2761.63,2777.963388
2020-04-14,2846.06,2854.72617
2020-04-15,2783.36,2787.159407
2020-04-16,2799.55,2797.47024
2020-04-17,2874.56,2850.60886
2020-04-21,2736.56,2716.255222
2020-04-23,2797.8,2779.547423
2020-04-24,2836.74,2833.233567
2020-04-27,2878.48,2867.118961
2020-05-01,2830.71,2839.816133
2020-05-04,2842.74,2837.554146
2020-05-05,2868.44,2866.329415
2020-05-06,2848.42,2854.409167
2020-05-07,2881.19,2881.27986
2020-05-08,2929.8,2918.190625
2020-05-11,2930.32,2917.648295
2020-05-12,2870.12,2886.06
2020-05-13,2820,2847.052846
2020-05-14,2852.5,2858.493095
2020-05-15,2863.7,2868.346018
2020-05-19,2922.94,2943.034194
2020-05-21,2948.51,2950.618071
2020-05-26,2991.77,2990.328064
2020-05-27,3036.13,2996.776164
2020-05-28,3029.73,3015.930401
2020-05-29,3044.31,3018.366038
2020-06-08,3232.39,3214.443884
2020-06-09,3207.18,3203.186208
2020-06-10,3190.14,3200.944444
2020-06-11,3002.1,3038.342764
2020-06-12,3041.31,3043.536494
2020-06-16,3124.74,3113.09301
2020-06-17,3113.49,3102.62073
2020-06-18,3115.34,3101.786937
2020-06-19,3097.74,3060.978656
2020-06-22,3117.86,3111.41164
2020-06-26,3009.05,3033.227302
2020-06-29,3053.24,3097.706082
2020-06-30,3100.29,3098.880636
2020-07-01,3115.86,3129.4123
2020-07-06,3179.72,3188.801607
2020-07-09,3152.05,3143.2944
2020-07-13,3155.22,3150.815907
2020-07-15,3226.56,3216.807153
2020-07-16,3215.57,3210.165845
2020-07-17,3224.73,3221.204182
2020-07-20,3251.84,3243.621618
2020-07-23,3235.66,3233.55151
2020-07-24,3215.63,3221.078607
2020-07-27,3239.41,3247.212483
2020-07-28,3218.44,3225.209712
2020-07-30,3246.22,3246.94739
2020-08-03,3294.61,3302.311125
2020-08-04,3306.51,3318.920585
2020-08-05,3327.77,3353.846313
2020-08-10,3360.47,3341.580539
2020-08-12,3380.35,3372.11939
2020-08-14,3372.85,3388.848488
2020-08-17,3381.99,3384.803826
2020-08-18,3389.78,3386.354221
2020-08-19,3374.85,3376.699548
2020-08-21,3397.16,3390.11411
2020-08-24,3431.28,3412.514767
2020-08-25,3443.62,3414.982808
2020-08-31,3500.31,3483.590416
2020-09-01,3526.65,3460.20036
2020-09-03,3455.06,3424.232725
2020-09-04,3426.96,3425.906327
2020-09-09,3398.96,3393.417472
2020-09-10,3339.19,3357.638329
2020-09-14,3383.54,3372.095872
2020-09-15,3401.2,3386.292862
2020-09-16,3385.49,3385.211002
2020-09-17,3357.01,3381.854031
2020-09-18,3319.47,3365.724383
2020-09-22,3315.57,3339.152704
2020-09-23,3236.92,3286.031422
2020-09-28,3351.6,3310.535666
2020-09-29,3335.47,3312.553504
2020-10-01,3380.8,3363.904117
2020-10-02,3348.44,3339.775215
2020-10-05,3408.63,3410.73688
2020-10-08,3446.83,3439.39718
2020-10-13,3511.93,3471.965154
2020-10-14,3488.67,3481.937573
2020-10-15,3483.34,3439.87003
2020-10-16,3483.81,3446.593247
2020-10-19,3426.92,3435.912224
2020-10-20,3443.12,3438.034105
2020-10-23,3465.39,3444.071527
2020-10-26,3400.97,3404.028117
2020-10-27,3390.68,3404.600959
2020-10-28,3271.03,3341.02364
2020-10-29,3310.11,3317.88433
2020-11-02,3310.24,3320.848785
2020-11-03,3369.16,3373.537859
2020-11-04,3443.44,3434.827815
2020-11-05,3510.45,3518.871072
2020-11-06,3509.44,3537.183319
2020-11-09,3550.5,3543.093601
2020-11-10,3545.53,3547.816811
2020-11-12,3537.01,3540.633635
2020-11-16,3626.91,3613.003087
2020-11-17,3609.53,3606.039503
2020-11-23,3577.59,3594.659587
2020-11-24,3635.41,3628.446537
2020-11-25,3629.65,3627.237137
2020-11-30,3621.63,3620.863657
2020-12-02,3669.01,3663.533911
2020-12-03,3666.72,3664.41572
2020-12-04,3699.12,3695.774815
2020-12-07,3691.96,3697.794986
2020-12-08,3702.25,3697.107278
2020-12-09,3672.82,3681.029773
2020-12-10,3668.1,3672.228657
2020-12-11,3663.46,3667.18941
2020-12-14,3647.49,3667.420659
2020-12-15,3694.62,3695.314923
2020-12-16,3701.17,3698.9685
2020-12-17,3722.48,3723.983551
2020-12-18,3709.41,3717.057325
2020-12-21,3694.92,3702.064206
2020-12-22,3687.26,3679.401974
2020-12-28,3735.36,3716.183513
2020-12-29,3727.04,3716.858136
2020-12-30,3732.04,3730.00518
2020-12-31,3756.07,3735.674923
2021-01-04,3700.65,3705.891752
2021-01-07,3803.79,3740.907682
2021-01-11,3799.61,3631.508289
2021-01-13,3809.84,3616.930006
2021-01-15,3768.25,3731.081486
2021-01-19,3798.91,3836.815662
2021-01-22,3841.47,3805.103734
2021-01-25,3855.36,3846.023022
2021-01-27,3750.77,3760.57009
2021-01-28,3787.38,3778.078222
2021-01-29,3714.24,3743.199452
2021-02-01,3773.86,3779.536418
2021-02-02,3826.31,3832.265927
2021-02-03,3830.17,3847.70321
2021-02-04,3871.74,3857.063535
2021-02-05,3886.83,3898.302213
2021-02-08,3915.59,3913.719193
2021-02-09,3911.23,3913.339125
2021-02-10,3909.88,3910.999397
2021-02-11,3916.38,3915.729486
2021-02-12,3934.83,3955.724307
2021-02-16,3932.59,3935.462
2021-02-17,3931.33,3929.979225
2021-02-18,3913.97,3918.551676
2021-02-19,3906.71,3901.16516
2021-02-22,3876.5,3877.278259
2021-02-25,3829.34,3839.97538
2021-02-26,3811.15,3822.990989
2021-03-08,3821.35,3883.555383
2021-03-10,3898.81,3883.742457
2021-03-12,3943.34,3945.125283
2021-03-15,3968.94,3971.388947
2021-03-19,3913.1,3953.094371
2021-03-22,3940.59,3983.232305
2021-03-24,3889.14,3980.54708
2021-03-25,3909.52,3990.069292
2021-03-26,3974.54,4049.732878
2021-03-29,3971.09,3973.356612
2021-03-31,3972.89,3976.641121
2021-04-01,4019.87,4043.614956
2021-04-06,4073.94,4059.420328
2021-04-07,4079.95,4080.974694
2021-04-08,4097.17,4095.018117
2021-04-09,4128.8,4113.387855
2021-04-12,4127.99,4121.446235
2021-04-13,4141.59,4134.576287
2021-04-14,4124.66,4137.379129
2021-04-15,4170.42,4169.951267
2021-04-19,4163.26,4168.146399
2021-04-21,4173.42,4169.544224
2021-04-23,4180.17,4181.371023
2021-04-26,4187.62,4182.75758
2021-04-29,4211.47,4190.31481
2021-04-30,4181.17,4172.71904
2021-05-03,4192.66,4184.516833
2021-05-06,4201.62,4197.215937
2021-05-07,4232.6,4210.176971
2021-05-10,4188.43,4209.588391
2021-05-11,4152.1,4148.50433
2021-05-13,4112.5,4122.894037
2021-05-14,4173.85,4185.399304
2021-05-17,4163.29,4193.62746
2021-05-21,4155.86,4148.317043
2021-05-24,4197.05,4198.761643
2021-05-25,4188.13,4192.347121
2021-05-26,4195.99,4200.830904
2021-05-28,4204.11,4207.145394
2021-06-02,4208.12,4217.359485
2021-06-07,4226.52,4235.195179
2021-06-08,4227.26,4226.809188
2021-06-09,4219.55,4234.197245
2021-06-11,4247.44,4261.903721
2021-06-14,4255.15,4244.46296
2021-06-15,4246.59,4234.346
2021-06-17,4221.86,4187.263152
2021-06-18,4166.45,4132.000342
2021-06-23,4241.84,4248.900056
2021-06-24,4266.49,4281.895668
2021-06-28,4290.61,4291.449517
2021-06-29,4291.8,4274.52825
2021-07-02,4352.34,4380.632096
2021-07-07,4358.13,4361.529388
2021-07-08,4320.82,4339.004036
2021-07-09,4369.55,4370.337944
2021-07-12,4384.63,4379.987569
2021-07-13,4369.21,4384.994252
2021-07-14,4374.3,4383.953182
2021-07-16,4327.16,4344.758157
2021-07-19,4258.49,4297.915232
2021-07-20,4323.06,4326.665239
2021-07-22,4367.48,4368.388457
2021-07-23,4411.79,4409.567188
2021-07-26,4422.3,4406.610894
2021-07-29,4419.15,4397.492061
2021-07-30,4395.26,4397.695334
2021-08-02,4387.16,4407.715339
2021-08-04,4402.66,4416.804358
2021-08-05,4429.1,4430.58476
2021-08-06,4436.52,4448.782677
2021-08-11,4447.7,4455.62186
2021-08-12,4460.83,4465.709249
2021-08-16,4479.71,4469.227123
2021-08-17,4448.08,4432.237772
2021-08-18,4400.27,4406.724414
2021-08-19,4405.8,4403.068878
2021-08-20,4441.67,4445.216285
2021-08-24,4486.23,4471.169393
2021-08-26,4470,4445.758936
2021-08-27,4509.37,4502.877752
2021-08-30,4528.79,4512.344807
2021-09-03,4535.43,4478.780157
2021-09-07,4520.03,4506.043327
2021-09-08,4514.07,4505.897054
2021-09-09,4493.28,4490.530849
2021-09-10,4458.58,4448.977955
2021-09-14,4443.05,4442.560099
2021-09-15,4480.7,4476.022582
2021-09-16,4473.75,4469.512295
2021-09-22,4395.64,4413.243852
2021-09-24,4455.48,4401.094676
2021-09-27,4443.11,4403.106618
2021-09-28,4352.63,4311.944667
2021-09-29,4359.46,4300.778043
2021-10-01,4357.04,4356.696077
2021-10-04,4300.46,4279.453677
2021-10-05,4345.72,4312.42629
2021-10-07,4399.76,4356.519985
2021-10-12,4350.65,4387.970629
2021-10-13,4363.8,4429.778633
2021-10-14,4438.26,4480.636844
2021-10-18,4486.46,4495.810812
2021-10-19,4519.63,4502.028818
2021-10-20,4536.19,4530.468653
2021-10-21,4549.78,4545.935209
2021-10-25,4566.48,4555.260822
2021-10-26,4574.79,4583.504081
2021-10-27,4551.68,4575.179677
2021-10-28,4596.42,4584.646867
2021-10-29,4605.38,4628.294236
2021-11-01,4613.67,4633.699388
2021-11-02,4630.65,4649.622527
2021-11-04,4680.06,4658.474157
2021-11-05,4697.53,4685.053346
2021-11-08,4701.7,4673.133441
2021-11-09,4685.25,4672.535186
2021-11-10,4646.71,4670.765669
2021-11-12,4682.85,4678.106729
2021-11-16,4700.9,4691.33947
2021-11-17,4688.67,4691.863805
2021-11-18,4704.54,4699.241253
2021-11-22,4682.94,4685.572519
2021-11-23,4690.7,4687.995868
2021-11-24,4701.46,4694.957822
2021-11-26,4594.62,4531.853473
2021-11-30,4567,4565.886465
2021-12-03,4538.43,4466.029971
2021-12-06,4591.67,4578.164571
2021-12-07,4686.75,4643.602484
2021-12-08,4701.21,4642.023544
2021-12-09,4667.45,4647.53101
2021-12-10,4712.02,4709.778481
2021-12-13,4668.97,4658.326824
2021-12-15,4709.85,4611.152016
2021-12-16,4668.67,4650.669096
2021-12-17,4620.64,4521.0862
2021-12-21,4649.23,4611.303515
2021-12-23,4725.79,4692.449113
2021-12-28,4786.35,4759.29923
2021-12-29,4793.06,4774.763487
2021-12-30,4778.73,4766.166323
2022-01-04,4793.54,4734.494221
2022-01-05,4700.58,4681.445153
2022-01-06,4696.05,4682.218088
2022-01-10,4670.29,4678.745632
2022-01-11,4713.07,4708.064565
2022-01-12,4726.35,4713.153166
2022-01-13,4659.03,4645.46566
2022-01-14,4662.85,4669.55187
2022-01-18,4577.11,4563.210076
2022-01-19,4532.76,4529.268069
2022-01-20,4482.73,4502.779012
2022-01-21,4397.94,4339.259377
2022-01-25,4356.45,4348.713658
2022-01-26,4349.93,4317.844635
2022-01-27,4326.51,4346.014695
2022-01-31,4515.55,4495.195224
2022-02-03,4477.44,4479.733031
2022-02-04,4500.53,4498.301547
2022-02-08,4521.54,4525.020784
2022-02-11,4418.64,4425.849831
2022-02-14,4401.67,4394.518946
2022-02-15,4471.07,4460.773288
2022-02-16,4475.01,4472.578818
2022-02-18,4348.87,4362.68452
2022-02-23,4225.5,4304.3323
2022-03-02,4386.54,4344.533897
2022-03-03,4363.49,4342.895297
2022-03-04,4328.87,4298.493153
2022-03-07,4201.09,4192.817799
2022-03-08,4170.7,4185.419138
2022-03-10,4259.52,4306.323843
2022-03-11,4204.31,4243.361713
2022-03-14,4173.11,4211.440413
2022-03-15,4262.45,4224.348536
2022-03-16,4357.86,4347.35831
2022-03-22,4511.61,4483.863974
2022-03-23,4456.24,4466.542697
2022-03-24,4520.16,4494.81917
2022-03-25,4543.06,4532.004812
2022-03-29,4631.6,4600.055813
2022-03-30,4602.45,4598.412007
2022-03-31,4530.41,4561.575045
2022-04-01,4545.86,4561.459162
2022-04-04,4582.64,4562.075954
2022-04-05,4525.12,4507.244992
2022-04-08,4488.28,4472.625799
2022-04-11,4412.53,4425.871296
2022-04-12,4397.45,4419.313567
2022-04-13,4446.59,4456.856178
2022-04-18,4391.69,4390.152724
2022-04-20,4459.45,4447.343692
2022-04-21,4393.66,4339.733177
2022-04-22,4271.78,4291.027768
2022-04-26,4175.2,4215.796176
2022-04-29,4131.93,4114.911628
2022-05-02,4155.38,4121.499652
2022-05-05,4146.87,4102.706317
2022-05-09,3991.24,4001.92775
2022-05-10,4001.05,3976.78437
2022-05-12,3930.08,3949.02996
2022-05-13,4023.89,4015.721583
2022-05-17,4088.85,4075.060929
2022-05-20,3901.36,3937.979926
2022-05-23,3973.75,3979.169808
2022-05-24,3941.48,3994.248039
2022-05-25,3978.73,3978.634326
2022-05-27,4158.24,4127.324022
2022-05-31,4132.15,4112.582305
2022-06-01,4101.23,4063.310197
2022-06-02,4176.82,4145.125199
2022-06-03,4108.54,4123.96276
2022-06-06,4121.43,4131.07924
2022-06-07,4160.68,4128.374827
2022-06-08,4115.77,4120.64611
2022-06-09,4017.82,4051.633959
2022-06-10,3900.86,3948.202495
2022-06-13,3749.63,3801.074358
2022-06-15,3789.99,3808.128298
2022-06-17,3674.84,3774.724223
2022-06-21,3764.79,3798.822177
2022-06-22,3759.89,3784.32802
2022-06-24,3911.74,3908.127136
2022-06-27,3900.11,3916.799175
2022-06-30,3785.38,3801.1677
2022-07-01,3825.33,3838.704217
2022-07-07,3902.62,3872.675414
2022-07-11,3854.43,3852.038071
2022-07-12,3818.8,3825.738489
2022-07-13,3801.78,3826.289214
2022-07-14,3790.38,3826.224914
2022-07-15,3863.16,3904.650492
2022-07-18,3830.85,3890.500747
2022-07-19,3936.69,3922.168778
2022-07-20,3959.9,3960.931431
2022-07-21,3998.95,3976.786711
2022-07-22,3961.63,3964.338146
2022-07-25,3966.84,3971.096903
2022-07-27,4023.61,4007.157421
2022-07-28,4072.43,4041.359437
2022-08-01,4118.63,4127.647017
2022-08-03,4155.17,4126.26651
2022-08-04,4151.94,4126.558007
2022-08-08,4140.06,4143.422482
2022-08-10,4210.24,4194.534567
2022-08-11,4207.27,4236.855196
2022-08-12,4280.15,4275.906445
2022-08-15,4297.14,4272.214803
2022-08-16,4305.2,4273.969743
2022-08-17,4274.04,4283.758095
2022-08-18,4283.74,4256.48898
2022-08-22,4137.99,4129.359638
2022-08-25,4199.12,4133.727396
2022-08-26,4057.66,4056.825668
2022-08-29,4030.61,4020.926338
2022-08-30,3986.16,3996.61128
2022-08-31,3955,3964.88756
2022-09-02,3924.26,3937.505557
2022-09-06,3908.19,3887.53799
2022-09-08,4006.18,4002.011887
2022-09-09,4067.36,4041.172683
2022-09-13,3932.69,3943.283018
2022-09-16,3873.33,3894.016387
2022-09-19,3899.89,3903.788554
2022-09-20,3855.93,3881.586311
2022-09-22,3757.99,3856.384372
2022-09-23,3693.23,3705.697333
2022-09-28,3719.04,3694.014485
2022-09-30,3585.62,3617.683007
2022-10-06,3744.52,3713.441861
2022-10-07,3639.66,3638.479552
2022-10-11,3588.84,3610.469634
2022-10-12,3577.03,3600.935011
2022-10-13,3669.91,3648.832139
2022-10-14,3583.07,3621.114009
2022-10-18,3719.98,3718.347683
2022-10-20,3665.78,3715.651974
2022-10-21,3752.75,3774.206111
2022-10-25,3859.11,3834.640868
2022-10-26,3830.6,3831.459793
2022-10-27,3807.3,3821.265764
2022-10-28,3901.06,3892.653193
2022-11-01,3856.1,3823.158131
2022-11-03,3719.89,3763.517492
2022-11-04,3770.55,3786.657511
2022-11-07,3806.8,3841.262817
2022-11-08,3828.11,3811.198059
2022-11-09,3748.57,3785.551973
2022-11-10,3956.37,3958.284765
2022-11-14,3957.25,3957.885952
2022-11-15,3991.73,3957.347718
2022-11-16,3958.79,3956.577451
2022-11-17,3946.56,3953.74977
2022-11-18,3965.34,3954.281883
2022-11-22,4003.58,3991.638698
2022-11-25,4026.12,4022.083208
2022-11-29,3957.63,3976.187377
2022-12-01,4076.57,4058.705289
2022-12-05,3998.84,3992.2052
2022-12-06,3941.26,3944.102122
2022-12-08,3963.51,3947.922398
2022-12-09,3934.38,3930.341907
2022-12-12,3990.56,3959.912429
2022-12-13,4019.65,3959.147605
2022-12-14,3995.32,3961.577415
2022-12-15,3895.75,3893.400567
2022-12-19,3817.66,3854.642634
2022-12-20,3821.62,3853.528515
2022-12-27,3829.25,3848.968337
2022-12-28,3783.22,3833.866226
2022-12-30,3839.5,3855.120766
2023-01-03,3824.14,3850.8211
2023-01-04,3852.97,3869.756116
2023-01-05,3808.1,3847.21368
2023-01-06,3895.08,3907.476757
2023-01-09,3892.09,3905.544855
2023-01-11,3969.61,3945.048462
2023-01-12,3983.17,4002.939736
2023-01-13,3999.09,4033.844022
2023-01-17,3990.97,4003.456436
2023-01-18,3928.86,3922.754637
2023-01-19,3898.85,3932.93666
2023-01-23,4019.81,4022.102791
2023-01-26,4060.43,4055.189047
2023-01-27,4070.56,4090.226704
2023-02-01,4119.21,4129.837272
2023-02-02,4179.76,4155.809883
2023-02-03,4136.48,4162.312298
2023-02-06,4111.08,4116.306471
2023-02-07,4164,4151.247013
2023-02-09,4081.5,4107.269879
2023-02-14,4136.13,4155.689173
2023-02-16,4090.41,4136.79601
2023-02-23,4012.32,4051.79715
2023-02-27,3982.24,3978.414976
2023-03-01,3951.39,3980.462917
2023-03-03,4045.64,4051.329455
2023-03-06,4048.42,4073.983924
2023-03-07,3986.37,4043.5645
2023-03-08,3992.01,4048.296733
2023-03-10,3861.59,3899.139309
2023-03-13,3855.76,3873.789354
2023-03-14,3919.29,3925.704096
2023-03-15,3891.93,3884.598375
2023-03-16,3960.28,3938.009173
2023-03-20,3951.57,3933.958962
2023-03-22,3936.97,3936.135601
2023-03-23,3948.72,3966.773072
2023-03-24,3970.99,3952.758999
2023-03-27,3977.53,3966.003383
2023-03-28,3971.27,3993.006625
2023-03-29,4027.81,4012.471866
2023-03-30,4050.83,4055.07045
2023-03-31,4109.31,4078.593607
2023-04-03,4124.51,4106.349694
2023-04-05,4090.38,4085.133474
2023-04-06,4105.02,4104.751107
2023-04-11,4108.94,4095.521634
2023-04-13,4146.22,4135.763412
2023-04-14,4137.64,4158.842285
2023-04-17,4151.32,4147.972417
2023-04-18,4154.87,4163.752565
2023-04-21,4133.52,4211.966109
2023-04-24,4137.04,4166.494083
2023-04-25,4071.63,4092.482705
2023-04-26,4055.99,4078.568572
2023-04-28,4169.48,4164.823273
2023-05-01,4167.87,4144.369293
2023-05-04,4061.22,4050.427507
2023-05-08,4138.12,4140.844689
2023-05-09,4119.17,4126.593991
2023-05-11,4130.62,4085.172169
2023-05-12,4124.08,4128.623693
2023-05-16,4109.9,4116.784465
2023-05-17,4158.77,4164.964391
2023-05-18,4198.05,4196.096677
2023-05-19,4191.98,4189.229681
2023-05-22,4192.63,4186.756962
2023-05-26,4205.45,4182.76544
2023-05-30,4205.52,4203.778734
2023-05-31,4179.83,4068.432316
2023-06-01,4221.02,4107.640633
2023-06-05,4273.79,4254.558053
2023-06-06,4283.85,4259.457479
2023-06-07,4267.52,4259.323486
2023-06-08,4293.93,4285.784982
2023-06-12,4338.93,4209.052067
2023-06-13,4369.01,4352.681577
2023-06-16,4409.59,4336.181339
2023-06-22,4381.89,4371.605397
2023-06-23,4348.33,4300.987916
2023-06-26,4328.82,4347.593337
2023-06-27,4378.41,4283.654064
2023-06-29,4396.44,4315.036364
2023-06-30,4450.38,4435.500657
2023-07-03,4455.59,4447.701415
2023-07-06,4411.59,4402.294088
2023-07-07,4398.95,4414.33613
2023-07-10,4409.53,4417.140194
2023-07-11,4439.26,4442.995331
2023-07-12,4472.16,4468.520046
2023-07-13,4510.04,4508.611302
2023-07-14,4505.42,4524.679742
2023-07-17,4522.79,4524.008197
2023-07-18,4554.98,4549.108392
2023-07-19,4565.72,4547.16381
2023-07-20,4534.87,4538.46688
2023-07-21,4536.34,4540.878787
2023-07-24,4554.64,4554.95144
2023-07-25,4567.46,4564.968627
2023-07-26,4566.75,4558.297846
2023-07-28,4582.23,4560.601438
2023-07-31,4588.96,4565.860879
2023-08-01,4576.73,4545.371872
2023-08-02,4513.39,4497.822417
2023-08-03,4501.89,4493.924547
2023-08-04,4478.03,4476.416432
2023-08-07,4518.44,4497.84858
2023-08-08,4499.38,4486.168473
2023-08-10,4468.83,4486.907036
2023-08-11,4464.05,4471.135426
2023-08-15,4437.86,4440.77811
2023-08-16,4404.33,4418.572978
2023-08-22,4387.55,4407.516854
2023-08-23,4436.01,4434.48862
2023-08-25,4405.71,4410.417394
2023-08-28,4433.31,4426.427494
2023-09-06,4465.48,4453.8409
2023-09-07,4451.14,4450.02116
2023-09-08,4457.49,4455.894263
2023-09-12,4461.9,4284.214581
2023-09-13,4467.44,4282.721408
2023-09-15,4450.32,4429.577838
2023-09-18,4453.53,4449.177529
2023-09-20,4402.2,4397.192064
2023-09-21,4330,4322.284642
2023-09-22,4320.06,4322.228823
2023-09-25,4337.44,4325.800499
2023-09-28,4299.7,4298.531818
2023-09-29,4288.05,4276.140975
